[{"id":1,"item_name":"Tarragon - Primerba, Paste","price":11.64},
{"id":2,"item_name":"Chicken - Ground","price":32.29},
{"id":3,"item_name":"Lentils - Red, Dry","price":69.12},
{"id":4,"item_name":"Creme De Cacao Mcguines","price":96.74},
{"id":5,"item_name":"Dome Lid Clear P92008h","price":42.37},
{"id":6,"item_name":"Wine - Kwv Chenin Blanc South","price":9.42},
{"id":7,"item_name":"Basil - Pesto Sauce","price":99.85},
{"id":8,"item_name":"Chicken Giblets","price":41.2},
{"id":9,"item_name":"Cheese - Blue","price":34.37},
{"id":10,"item_name":"Island Oasis - Raspberry","price":38.73},
{"id":11,"item_name":"Salmon - Smoked, Sliced","price":89.13},
{"id":12,"item_name":"Lotus Leaves","price":42.84},
{"id":13,"item_name":"Brandy - Orange, Mc Guiness","price":63.65},
{"id":14,"item_name":"Juice - Cranberry, 341 Ml","price":65.05},
{"id":15,"item_name":"Salt - Seasoned","price":73.71},
{"id":16,"item_name":"Loaf Pan - 2 Lb, Foil","price":90.52},
{"id":17,"item_name":"Muffin - Bran Ind Wrpd","price":30.7},
{"id":18,"item_name":"Irish Cream - Baileys","price":68.05},
{"id":19,"item_name":"Beer - Camerons Cream Ale","price":96.45},
{"id":20,"item_name":"Salmon - Smoked, Sliced","price":90.83},
{"id":21,"item_name":"Nori Sea Weed","price":84.09},
{"id":22,"item_name":"Pork - Kidney","price":73.28},
{"id":23,"item_name":"Pasta - Penne, Lisce, Dry","price":78.11},
{"id":24,"item_name":"Soup - Boston Clam Chowder","price":18.89},
{"id":25,"item_name":"Wine - Two Oceans Sauvignon","price":56.37},
{"id":26,"item_name":"Bandage - Flexible Neon","price":84.23},
{"id":27,"item_name":"Tarragon - Fresh","price":10.88},
{"id":28,"item_name":"Muffin - Mix - Strawberry Rhubarb","price":38.41},
{"id":29,"item_name":"Munchies Honey Sweet Trail Mix","price":91.63},
{"id":30,"item_name":"Sauce - Vodka Blush","price":61.63},
{"id":31,"item_name":"Sugar - Icing","price":71.65},
{"id":32,"item_name":"Piping - Bags Quizna","price":53.1},
{"id":33,"item_name":"Wine - Magnotta, Merlot Sr Vqa","price":91.8},
{"id":34,"item_name":"Chicken - Base, Ultimate","price":45.17},
{"id":35,"item_name":"Juice - Apple, 1.36l","price":63.61},
{"id":36,"item_name":"Table Cloth 72x144 White","price":39.11},
{"id":37,"item_name":"Taro Leaves","price":72.61},
{"id":38,"item_name":"Wine - Jaboulet Cotes Du Rhone","price":23.12},
{"id":39,"item_name":"Milk - Chocolate 250 Ml","price":32.13},
{"id":40,"item_name":"Beef - Tender Tips","price":2.44},
{"id":41,"item_name":"Foil Wrap","price":74.42},
{"id":42,"item_name":"Cheese - Bocconcini","price":58.89},
{"id":43,"item_name":"Puree - Pear","price":47.44},
{"id":44,"item_name":"Chocolate - Milk Coating","price":50.13},
{"id":45,"item_name":"Okra","price":23.42},
{"id":46,"item_name":"Hog / Sausage Casing - Pork","price":13.79},
{"id":47,"item_name":"Sugar - Crumb","price":97.16},
{"id":48,"item_name":"Bar Mix - Lime","price":33.86},
{"id":49,"item_name":"Snails - Large Canned","price":91.03},
{"id":50,"item_name":"Mahi Mahi","price":51.03},
{"id":51,"item_name":"Sansho Powder","price":58.62},
{"id":52,"item_name":"Bread - White Epi Baguette","price":53.02},
{"id":53,"item_name":"Mustard - Pommery","price":68.31},
{"id":54,"item_name":"Juice - Propel Sport","price":45.17},
{"id":55,"item_name":"Chocolate - Chips Compound","price":82.9},
{"id":56,"item_name":"Tea - Darjeeling, Azzura","price":48.6},
{"id":57,"item_name":"Ecolab - Medallion","price":19.46},
{"id":58,"item_name":"Container - Clear 16 Oz","price":11.02},
{"id":59,"item_name":"Mousse - Passion Fruit","price":36.88},
{"id":60,"item_name":"Appetizer - Chicken Satay","price":17.01},
{"id":61,"item_name":"Oil - Canola","price":73.68},
{"id":62,"item_name":"Wine - Malbec Trapiche Reserve","price":25.78},
{"id":63,"item_name":"Crush - Cream Soda","price":27.15},
{"id":64,"item_name":"Boogies","price":79.08},
{"id":65,"item_name":"Broom - Angled","price":29.19},
{"id":66,"item_name":"Crab - Soft Shell","price":42.65},
{"id":67,"item_name":"Soup Campbells Turkey Veg.","price":38.92},
{"id":68,"item_name":"Lidsoupcont Rp12dn","price":23.41},
{"id":69,"item_name":"Evaporated Milk - Skim","price":16.59},
{"id":70,"item_name":"Bread - Raisin Walnut Pull","price":12.87},
{"id":71,"item_name":"Beer - Moosehead","price":45.67},
{"id":72,"item_name":"Absolut Citron","price":17.32},
{"id":73,"item_name":"Lamb - Shoulder, Boneless","price":96.58},
{"id":74,"item_name":"Pate - Peppercorn","price":17.02},
{"id":75,"item_name":"Soup - Campbells Beef Strogonoff","price":18.37},
{"id":76,"item_name":"Pepper - Scotch Bonnet","price":10.57},
{"id":77,"item_name":"Veal - Striploin","price":20.12},
{"id":78,"item_name":"Mcgillicuddy Vanilla Schnap","price":29.39},
{"id":79,"item_name":"Apples - Sliced / Wedge","price":8.01},
{"id":80,"item_name":"Grapes - Black","price":1.8},
{"id":81,"item_name":"Bay Leaf Fresh","price":82.09},
{"id":82,"item_name":"Apples - Spartan","price":23.31},
{"id":83,"item_name":"Onions - Cooking","price":52.24},
{"id":84,"item_name":"Phyllo Dough","price":15.24},
{"id":85,"item_name":"Cheese - Mascarpone","price":46.84},
{"id":86,"item_name":"Rice - Long Grain","price":13.18},
{"id":87,"item_name":"Sour Puss - Tangerine","price":69.64},
{"id":88,"item_name":"Kellogs Raisan Bran Bars","price":92.17},
{"id":89,"item_name":"Carrots - Purple, Organic","price":23.56},
{"id":90,"item_name":"Scrubbie - Scotchbrite Hand Pad","price":3.59},
{"id":91,"item_name":"Lentils - Green, Dry","price":31.0},
{"id":92,"item_name":"Longos - Grilled Veg Sandwiches","price":11.4},
{"id":93,"item_name":"Bananas","price":32.39},
{"id":94,"item_name":"Table Cloth 62x114 White","price":70.19},
{"id":95,"item_name":"Amaretto","price":75.58},
{"id":96,"item_name":"Ham - Smoked, Bone - In","price":64.81},
{"id":97,"item_name":"Gloves - Goldtouch Disposable","price":22.92},
{"id":98,"item_name":"Tea - Grapefruit Green Tea","price":27.33},
{"id":99,"item_name":"Sprouts - Bean","price":6.46},
{"id":100,"item_name":"Ecolab Silver Fusion","price":95.11}]